insert into client(id, created_at, `number`) values
                                                 (11111, '2022-10-11 20:37:11.242989', 7612333392),
                                                 (22222, '2022-10-10 20:37:11.242989', 7612333458),
                                                 (33333, '2021-11-10 20:37:11.242989', 761233785);

insert into account(id, created_at, client_id)
values (123456789, '2022-10-11 21:37:11.242989', 11111),
       (987654321, '2022-10-11 23:37:11.242989', 22222),
       (13456658, '2022-10-11 22:37:11.242989', 33333);

insert into balance(id, created_at, amount, account_id)
values (11111, '2022-10-11 18:37:11.242989', 40610, 123456789),
       (11112, '2022-10-11 19:37:11.242989', 45610, 123456789),
       (11113, '2022-10-11 20:37:11.242989', 45010, 123456789),
       (11114, '2022-10-11 21:37:11.242989', 45410, 123456789),
       (11115, '2022-10-11 22:37:11.242989', 45450, 123456789),
       (22221, '2022-10-11 17:37:11.242989', 57265, 987654321),
       (22222, '2022-10-11 19:37:11.242989', 52265, 987654321),
       (22223, '2022-10-11 20:37:11.242989', 52865, 987654321),
       (22224, '2022-10-11 21:37:11.242989', 52465, 987654321),
       (33331, '2022-10-11 18:37:11.242989', 32482, 13456658),
       (33332, '2022-10-11 22:37:11.242989', 32442, 13456658);

insert into `transaction`(id, created_at, amount, from_account_id, to_account_id)
values (44444, '2022-10-11 19:37:11.242989', 5000, 987654321, 123456789),
       (55555, '2022-10-11 20:37:11.242989', 600, 123456789, 987654321),
       (66666, '2022-10-11 21:37:11.242989', 400, 987654321, 123456789),
       (77777, '2022-10-11 22:37:11.242989', 40, 13456658, 13456658);